{"stat.useItem.quarryplus.quarryframe":48,"stat.walkOneCm":69588,"stat.useItem.immersiveengineering.ore":18,"stat.leaveGame":2,"stat.pickup.quarryplus.dummyblock":1,"stat.useItem.minecraft.lava_bucket":14,"stat.jump":392,"stat.swimOneCm":4685,"stat.crouchOneCm":3265,"stat.drop.hbm.lung_diagnostic":1,"stat.useItem.quarryplus.markerplus":3,"stat.sprintOneCm":50116,"stat.useItem.minecraft.stone_slab2":70,"stat.pickup.minecraft.diamond_ore":1,"stat.useItem.enderio.item_refined_storage_conduit":12,"stat.useItem.hbm.designator":1,"stat.pickup.refinedstorage.fluid_storage_disk":1,"stat.useItem.minecraft.egg":41,"stat.useItem.projectred-transportation.pipe":3,"stat.useItem.enderio.item_power_conduit":11,"stat.pickup.mts.auweschvebx.auweschveb_vehicle_obj570_green":1,"stat.useItem.enderio.item_liquid_conduit":5,"stat.flyOneCm":548005,"stat.deaths":2,"stat.drop":1,"stat.pickup.minecraft.egg":3,"stat.playOneMinute":113859,"stat.pickup.mts.mts.wrench":1,"stat.pickup.enderio.item_liquid_conduit":1,"stat.sneakTime":2608,"stat.pickup.minecraft.diamond_block":3,"stat.damageDealt":10,"stat.timeSinceDeath":3942,"stat.diveOneCm":16314,"stat.useItem.enderio.item_item_conduit":3}