{"stat.useItem.opencomputers.misc":4,"stat.leaveGame":3,"stat.pickup.opencomputers.component":11,"stat.jump":203,"stat.swimOneCm":5344,"stat.fallOneCm":1254,"stat.useItem.minecraft.planks":20,"stat.pickup.opencomputers.storage":3,"stat.crouchOneCm":480,"stat.useItem.minecraft.stone_slab2":251,"stat.pickup.minecraft.rotten_flesh":1,"stat.pickup.quarryplus.tool":1,"stat.pickup.minecraft.leather":3,"stat.pickup.minecraft.bucket":1,"stat.pickup.minecraft.planks":1,"stat.pickup.opencomputers.upgrade":62,"stat.flyOneCm":233692,"stat.pickup.minecraft.wheat_seeds":4,"stat.damageDealt":290,"stat.timeSinceDeath":95097,"stat.killEntity.Cow":2,"stat.walkOneCm":78268,"stat.drop.minecraft.rotten_flesh":1,"stat.craftItem.minecraft.crafting_table":1,"stat.pickup.opencomputers.card":2,"stat.drop.mekanism.oreblock":1,"stat.pickup.projectred-exploration.stone":4,"stat.pickup.minecraft.log":10,"stat.pickup.minecraft.beef":4,"stat.drop.ic2.resource":1,"stat.pickup.hbm.lung_diagnostic":1,"stat.pickup.minecraft.sapling":1,"stat.sprintOneCm":6258,"stat.useItem.enderio.item_refined_storage_conduit":19,"stat.craftItem.minecraft.stick":32,"stat.drop.projectred-exploration.stone":4,"stat.craftItem.minecraft.planks":24,"stat.useItem.minecraft.flint_and_steel":15,"stat.useItem.enderio.item_power_conduit":3,"stat.useItem.opencomputers.tool":4,"stat.mobKills":3,"stat.mineBlock.minecraft.log":10,"stat.mineBlock.minecraft.planks":1,"stat.deaths":1,"stat.drop":7,"stat.mineBlock.minecraft.leaves":3,"stat.playOneMinute":108502,"stat.sneakTime":1740,"stat.mineBlock.minecraft.tallgrass":12,"stat.diveOneCm":2005,"stat.useItem.enderio.item_item_conduit":5}