{"stat.walkOneCm":18373,"stat.pickup.mekanism.transmitter":1,"stat.leaveGame":2,"stat.useItem.enderio.item_power_conduit":6,"stat.pickup.mekanism.machineblock2":1,"stat.flyOneCm":163809,"stat.deaths":1,"stat.jump":51,"stat.mineBlock.minecraft.leaves":1,"stat.playOneMinute":26294,"stat.fallOneCm":1019,"stat.sneakTime":1382,"stat.pickup.minecraft.wool":1,"stat.damageDealt":69,"stat.crouchOneCm":2105,"stat.timeSinceDeath":25838,"stat.useItem.minecraft.wooden_axe":2,"stat.pickup.minecraft.sapling":1,"stat.sprintOneCm":3105,"stat.useItem.minecraft.stone_slab2":275,"stat.pickup.minecraft.mutton":1}