{"stat.chestOpened":5,"stat.walkOneCm":149966,"stat.useItem.minecraft.lever":3,"stat.pickup.minecraft.redstone_torch":3,"stat.horseOneCm":197700,"stat.leaveGame":20,"stat.useItem.projectred-transmission.wire":42,"stat.talkedToVillager":7,"stat.jump":733,"stat.swimOneCm":759,"stat.useItem.minecraft.experience_bottle":55,"stat.fallOneCm":629,"stat.climbOneCm":392,"stat.useItem.minecraft.milk_bucket":1,"stat.crouchOneCm":12026,"stat.useItem.projectred-integration.gate":1,"stat.pickup.minecraft.dirt":5,"stat.sprintOneCm":108711,"stat.useItem.minecraft.stone_slab2":120,"stat.useItem.minecraft.redstone_ore":5,"stat.pickup.minecraft.rotten_flesh":2,"stat.pickup.minecraft.milk_bucket":1,"stat.boatOneCm":33931,"stat.killEntity.Horse":1,"stat.entityKilledBy.Spider":1,"stat.pickup.minecraft.comparator":1,"stat.useItem.minecraft.iron_sword":1,"stat.pickup.minecraft.leather":1,"stat.damageTaken":240,"stat.mobKills":1,"stat.useItem.mts.unumilitary.unumilitary_vehicle_unu_wolf_amphibious_amcgreen":2,"stat.flyOneCm":845587,"stat.useItem.minecraft.boat":1,"stat.pickup.minecraft.lever":1,"stat.deaths":8,"stat.pickup.minecraft.wheat_seeds":2,"stat.mineBlock.minecraft.leaves":1,"stat.playOneMinute":928696,"stat.sneakTime":4831,"stat.damageDealt":664,"stat.pickup.minecraft.redstone":2,"stat.killEntity.Zombie":1,"stat.timeSinceDeath":88673,"stat.diveOneCm":693}