{"stat.chestOpened":5,"stat.walkOneCm":55479,"stat.horseOneCm":197700,"stat.leaveGame":15,"stat.talkedToVillager":7,"stat.jump":317,"stat.swimOneCm":614,"stat.fallOneCm":629,"stat.climbOneCm":392,"stat.useItem.minecraft.milk_bucket":1,"stat.crouchOneCm":288,"stat.pickup.minecraft.dirt":5,"stat.sprintOneCm":57766,"stat.useItem.minecraft.stone_slab2":12,"stat.pickup.minecraft.milk_bucket":1,"stat.killEntity.Horse":1,"stat.entityKilledBy.Spider":1,"stat.useItem.minecraft.iron_sword":1,"stat.pickup.minecraft.leather":1,"stat.damageTaken":240,"stat.mobKills":1,"stat.flyOneCm":453881,"stat.deaths":7,"stat.pickup.minecraft.wheat_seeds":2,"stat.mineBlock.minecraft.leaves":1,"stat.playOneMinute":836555,"stat.sneakTime":93,"stat.damageDealt":445,"stat.timeSinceDeath":1825,"stat.diveOneCm":693}